epoch,train_loss,train_loss_ce,train_loss_lovasz,train_mIoU,train_mRecall,train_mPrecision,val_loss,val_loss_ce,val_loss_lovasz,val_mIoU,val_mRecall,val_mPrecision,val_iou_class_0,val_iou_class_1,val_iou_class_2,val_recall_class_0,val_recall_class_1,val_recall_class_2,val_precision_class_0,val_precision_class_1,val_precision_class_2
1,1.2131639289855958,0.7754967114329339,0.43766721948981285,0.2991190849136273,0.3632083366561208,0.3727114379483285,2.5508928298950195,1.8642687797546387,0.6866239905357361,0.2126954247195022,0.3507519637595717,0.5515247261174528,0.04711785747947737,0.000394991233966474,0.5905734254450627,0.05202386615921342,0.00039504872267579643,0.9998369763968257,0.3331746485131222,0.7307692307682939,0.5906302990709422
2,0.7636736942827702,0.4868061453104019,0.27686754703521727,0.41374566424300335,0.47867019605328354,0.5555059121526017,2.7398669719696045,2.077867269515991,0.6619997024536133,0.2667234736931209,0.3990095812283545,0.6295150405125322,0.11794412971946126,0.05855923626118113,0.6236670550987202,0.13783995401205196,0.059347407232856926,0.9998413824401546,0.44968070487430206,0.8151356496906158,0.6237287669726786
3,0.753770292699337,0.49671206541359425,0.257058225646615,0.42007507860035326,0.5077358994574115,0.6253515704680309,1.6372736692428589,1.1181379556655884,0.5191357135772705,0.45651733699868763,0.5959643482611753,0.7283654681475844,0.539522589954625,0.00921353436427303,0.8208158866771648,0.7819190057088484,0.009245526246482675,0.9967285128281949,0.6350877051753698,0.7269754768391974,0.8230332224281859
4,0.6810314981639385,0.4415683735907078,0.23946312632411718,0.5277711465370941,0.6388363375886047,0.6533291634783459,1.2308354377746582,0.7241396903991699,0.5066957473754883,0.42802118116320065,0.6072378588118418,0.7064845509609214,0.4635772709289807,0.037792514880547905,0.7826937576800734,0.998766056137012,0.038548438517943505,0.78439908178057,0.46384293003334803,0.658380681818174,0.9972300410312422
5,0.4363157421350479,0.2800633442401886,0.1562523952126503,0.5929170377624059,0.7029687541694498,0.7233334008427699,1.1665717363357544,0.7581740021705627,0.40839776396751404,0.6449464694713206,0.7427019407039213,0.8341417166906516,0.6604310907903329,0.43299612449059804,0.8414121931330311,0.7516056137012366,0.4808643943279317,0.9956358140825954,0.8448247050566488,0.8130734885683137,0.8445269564469923
6,0.4692088146880269,0.2953248346596956,0.17388398198410868,0.6429098730932709,0.7496728379031042,0.7502314829940735,0.7071397304534912,0.4122045338153839,0.2949351966381073,0.7647610976190066,0.8538488518865629,0.8728075546798876,0.7989749407117871,0.5547222901884019,0.9405860619568305,0.9633335315572467,0.6285155870978469,0.9696974370045952,0.8240343529571348,0.8253185293046953,0.9690697817778323
7,0.40150606021285057,0.2540701075643301,0.147435951679945,0.6993338635889722,0.7957962674049086,0.810759078980429,0.7012765407562256,0.36751073598861694,0.33376580476760864,0.712588429007107,0.8564836446080538,0.8170269667679658,0.8161192147400742,0.5056303459747713,0.8160157263064753,0.8850350856327304,0.8595428523903907,0.8248729958010405,0.9128981306834733,0.5511706042344406,0.9870121653859838
8,0.34850225776433946,0.21661206191405655,0.13189019397832452,0.7077469037792413,0.8127508348490021,0.8106967550317794,1.0616180896759033,0.6975488662719727,0.3640691637992859,0.6747888954890788,0.8059516633214535,0.8399549848342375,0.5904192442570627,0.5862341078474351,0.8477133343627385,0.5940473358705992,0.8804319199367917,0.9433757341569694,0.989761712105949,0.6369438887301131,0.8931593536666504
9,0.30692629687488077,0.18490217907354237,0.12202411729842425,0.8066919817770527,0.8963365352677838,0.8800863196120888,0.5924152135848999,0.3513825833797455,0.2410326451063156,0.8063047331304318,0.8756970628959498,0.9077863952935048,0.861300826808056,0.6361045916258002,0.9215087809574395,0.9555482873453849,0.6931303106330479,0.9784125907094168,0.8972513180365091,0.8854742173112331,0.940633650532772
10,0.2036602183431387,0.12280307309702039,0.08085714597254992,0.8709551789409532,0.9299367056115747,0.9238483266537756,0.7301443815231323,0.475624680519104,0.25451967120170593,0.7866604072007591,0.8707363737902315,0.8955889091646912,0.7803017602682311,0.6875553254388452,0.8921241358952012,0.7842382254995239,0.855925037772202,0.9720458580989683,0.9936083781730504,0.7775434266610418,0.9156149226599818
11,0.27830551959574223,0.17832157953642308,0.09998393970541657,0.8114434341116933,0.8780038563558662,0.897567324149445,0.7754315137863159,0.48400118947029114,0.2914302945137024,0.7507798341735068,0.8742345139796287,0.8691762807616904,0.7187692946017097,0.6397828668671763,0.8937873410516343,0.7211237313669518,0.9745020306890475,0.9270777798828871,0.9954781157219275,0.6506751691393557,0.961375557423788
12,0.24917915573343635,0.15983804009854793,0.0893411125522107,0.8419157154701807,0.9002442386691926,0.9171740137645227,0.5413021445274353,0.2390972524881363,0.3022048771381378,0.7393213965755464,0.8909803411511863,0.8452996684387154,0.9012125306337798,0.5415008376733147,0.7752508214195446,0.9057098398350774,0.9901307126124497,0.7771004710060316,0.9945203839540295,0.5444394478700617,0.9969391734920551
13,0.18823526998981832,0.102602251842618,0.08563301735557616,0.9143596504065461,0.9574550895284021,0.9512245700371347,0.8128851652145386,0.48426100611686707,0.3286241292953491,0.701437961878197,0.8632467273909743,0.8370261173978287,0.8074328170554834,0.5125524951693747,0.7843285734097326,0.8083571202029809,0.996437630816572,0.7849454311533698,0.9985858672429303,0.5134934354329469,0.9989990495176089
14,0.2313914785441011,0.15677926559466868,0.0746122114919126,0.8198078191367358,0.892366244664355,0.8920771930895128,0.5809452533721924,0.31282922625541687,0.2681160569190979,0.7832277097722055,0.904937821297073,0.8729711712552167,0.8530232604088968,0.633310826823586,0.8633490420841333,0.8557921027592765,0.9816129076972119,0.8774084534347308,0.9962214517701484,0.64091390404822,0.9817781579472816
15,0.20669861828908323,0.11106022314168512,0.0956383952870965,0.8546781116592995,0.9272505334682207,0.9094323240382786,0.2695475220680237,0.12582910060882568,0.143718421459198,0.8884969474212497,0.9571469285814352,0.9276763333150986,0.9521538627938757,0.7804063441254595,0.9329306353444139,0.9597506343165235,0.9732822311242942,0.9384079203034881,0.9917554281032359,0.7974910699581462,0.9937825018839134
16,0.20037899976596235,0.12803359543904663,0.07234540407545864,0.8499503708135787,0.9136511169080911,0.9174063773523299,0.2613980770111084,0.13101747632026672,0.13038060069084167,0.8997375951426897,0.955293933371689,0.9383568836332173,0.9542455206687566,0.8034562593021328,0.9415110054571796,0.9667628052648267,0.9428357567608772,0.9562832380893631,0.9866131936156005,0.8445997963593012,0.9838576609247505
17,0.15439434780739247,0.09308290705084801,0.06131144139915705,0.8846790847669337,0.947159437631632,0.9265907231408749,0.553309440612793,0.33465418219566345,0.2186552882194519,0.8207528043958412,0.9186531753844541,0.8976303023625521,0.8480566771532608,0.7058944044133075,0.9083073316209551,0.8482794164287976,0.9790624176981821,0.9286176920263831,0.9996904729923081,0.716713766038731,0.9764866680566171
18,0.10096003273501993,0.049529180200770496,0.05143085258547217,0.9479642108337707,0.9731016496323757,0.9730975086609818,0.38122761249542236,0.249879390001297,0.13134823739528656,0.8938649159021096,0.9464277205787878,0.9438548621675705,0.8938204249757408,0.8310484256866681,0.9567258970439201,0.8946885902315251,0.9629347268619264,0.981659844642912,0.9989155513259593,0.8585110852962253,0.9741379498805272
19,0.0992002047970891,0.04941992190666497,0.04978028319776058,0.9435031742722616,0.9769459885061375,0.9648621713954966,0.37454134225845337,0.22611287236213684,0.14842846989631653,0.8876515828025869,0.9322762684332245,0.953131453240443,0.8926064566095008,0.8119790988967336,0.9583691929015266,0.9938005470980015,0.8217429272417277,0.9812853309599444,0.8976044902380288,0.9855778422456996,0.9762120272376011
20,0.117981618931517,0.06502059104386718,0.05296102667227388,0.9055256771971244,0.9472392280197872,0.9524722932492677,0.19202902913093567,0.1021416038274765,0.08988742530345917,0.9344664067065813,0.9709972959290885,0.9613124125608553,0.9596831757252348,0.8779386306044102,0.9657774137900988,0.9660987551538214,0.9700733265874715,0.9768198060459724,0.9931278655119711,0.902378956869318,0.9884304153012771
21,0.2378833031654358,0.15952559555415063,0.07835770711768418,0.841141048564638,0.8921702531687853,0.9308480752473288,0.7048441171646118,0.5030796527862549,0.20176449418067932,0.8342792872359487,0.9140173844202207,0.9173042329726163,0.7733896902516733,0.7691817424130996,0.9602664290430734,0.7734548445924513,0.9786188542200901,0.9899784544481208,0.9998910912655189,0.7823290191037627,0.9696925885485671
22,0.13850007039494813,0.08135932587552816,0.057140743383206426,0.9039454379725275,0.9416306529994111,0.9560840770028514,0.31458041071891785,0.14511284232139587,0.16946756839752197,0.8656198116805797,0.9513290580196218,0.9132507532052251,0.9440434909501028,0.7433855585125658,0.9094303855790704,0.9457510704091338,0.9950792176649149,0.9131568859848166,0.9980911040217557,0.7461284220591594,0.9955327335347604
23,0.20167064764536918,0.14811484162230046,0.053555803229101,0.8884652147740749,0.9204312638119786,0.9556888650077981,0.20459330081939697,0.07531248778104782,0.12928080558776855,0.8919139301086196,0.9645709712215741,0.9261596342559996,0.9648482360587797,0.7883636924296817,0.9225298618373973,0.9784035045987943,0.992265361850768,0.9230440472151601,0.9858440397665136,0.7932383316342357,0.9993965313672497
24,0.0790578924678266,0.03995243708603084,0.039105455386452374,0.9455063287799707,0.9781127270771651,0.9645893061212937,0.1958041787147522,0.08138604462146759,0.1144181415438652,0.9305090943703234,0.9738064041066261,0.9544221972976553,0.9587498925778448,0.8742053904803735,0.9585720000527519,0.9951534253092289,0.9655060088989917,0.9607597781116577,0.9632475680653885,0.9023889414294778,0.9976300823981001
25,0.10719913142733276,0.05660629477351904,0.05059283741749823,0.9391644005913212,0.9781853314541874,0.9574323580676557,0.25222229957580566,0.07562779635190964,0.17659449577331543,0.882983592954096,0.9623479596904966,0.9186523636044117,0.9628038200702681,0.777694533005944,0.908452425786076,0.9927053599746269,0.9856119096793862,0.9087266094174767,0.9696641124562528,0.7866249965428543,0.9996679818141277
26,0.16105536771938206,0.11067979251034558,0.05037557257339358,0.8872971140908287,0.9130481013729016,0.9655809596279553,0.25084176659584045,0.0722045823931694,0.17863719165325165,0.8953866639959709,0.9647884115381128,0.9289901732742836,0.883315360545901,0.8862696494855629,0.9165749819564488,0.9904555185537579,0.9862564628584888,0.9176532532020918,0.8908987171372277,0.8973521418076562,0.9987196608779672
27,0.07508296391926705,0.03470878582447767,0.040374178774654865,0.9528045269874249,0.9798129904490821,0.9707736902095249,0.16348432004451752,0.07553073018789291,0.0879535898566246,0.9367363550648703,0.9770889373284596,0.9589592640859829,0.9682289297228867,0.878182643249607,0.9637974922221172,0.9703209245163332,0.99252179698654,0.9684240904825056,0.9977782194161197,0.8840320260752003,0.9950675467666283
28,0.05218149888329208,0.02165585635229945,0.03052564253564924,0.9684955238252789,0.990445425709961,0.9775551310115134,0.21971020102500916,0.11590526252985,0.10380494594573975,0.9080468231929647,0.9654159853339609,0.9417347603448033,0.9444136675701873,0.8274538106235562,0.9522729913851509,0.9461921186171895,0.9932703103558205,0.9567855270288725,0.998013736579654,0.832118864999506,0.9950716794552497
29,0.05957461873069406,0.03398490564897656,0.025589713463559746,0.9636247182195371,0.9817563896617122,0.9802599415059302,0.37990790605545044,0.19384858012199402,0.18605932593345642,0.8445139816123586,0.9413698769054569,0.9026886807769338,0.9201778006573472,0.7089432815831324,0.904420862596596,0.9212357278782108,0.9978792121203715,0.9049946907177883,0.9987535593402456,0.7100130680277138,0.9992994149628419
30,0.04586531786248088,0.021489946511574088,0.024375371453352272,0.9614201196493388,0.982210824087031,0.9776132658350463,0.15327796339988708,0.09769541025161743,0.055582549422979355,0.9614940365684768,0.9779433687064986,0.9826151331088725,0.9716760403836542,0.9286058045800297,0.9842002647417462,0.9734528623533139,0.9628446280304389,0.9975326157357429,0.9981250381089811,0.9631183056605076,0.986602055557129
31,0.07966134347952902,0.04088850626256317,0.038772836176212876,0.9575959970759271,0.9849005226982085,0.9711581513816617,0.1266266107559204,0.05233152210712433,0.07429509609937668,0.9377811018763461,0.9797454744617898,0.9573038657541885,0.9732899086516827,0.8804744357155596,0.9595789612617961,0.9863126387567391,0.9919326892421989,0.9609910953864318,0.9866157735587167,0.8868248371925863,0.9984709865112624
32,0.11307167962659151,0.07340336434426717,0.03966831480152905,0.9279543981422561,0.9541027545015289,0.9701427143408351,0.16238856315612793,0.05189019814133644,0.11049836128950119,0.9198901385787371,0.9749307752708779,0.9439987817515968,0.9854831876890334,0.8335791013632836,0.9406081266838948,0.9914119489375194,0.9912118985902992,0.9421684782848152,0.9939683911900747,0.8397855586807039,0.9982423953840118
33,0.06071760886814445,0.02284477362409234,0.0378728348412551,0.9692088105745317,0.9907167371423516,0.9779026400966879,0.1672292947769165,0.06290031969547272,0.10432898253202438,0.9193755869542689,0.9739183199441479,0.9447540194557966,0.9794917190459467,0.8343010064576178,0.9443340353592421,0.9815255312400883,0.9939148635349231,0.9463145650574325,0.9978889879737807,0.8385844268238482,0.9977886435697608
34,0.21382549004629253,0.16843779592309147,0.04538769258069806,0.8775515842509116,0.8976460858407053,0.9727248080648933,0.1293395608663559,0.0604107640683651,0.0689287930727005,0.9593428068936577,0.9844315144032011,0.9743747251073609,0.9791757371858297,0.9202469406298528,0.9786057428652903,0.9807673247700598,0.9897218025310835,0.9828054159084598,0.9983454315245734,0.9291263272954399,0.9956524165020697
35,0.13691946786828338,0.09216798401204869,0.04475148256402463,0.9040657831725074,0.9410570224314373,0.9553878681017172,0.6324223279953003,0.37288257479667664,0.25953972339630127,0.771517467663184,0.9035752444684334,0.8677459078406843,0.8550912738711511,0.6047727453767171,0.8546883837416837,0.8554006105296539,0.9997574262229177,0.8555676966527287,0.9995772674102122,0.6048615013040596,0.998798954807781
36,0.06723589414730669,0.0328686975967139,0.03436719697201625,0.948372377171648,0.9839352653021424,0.9624698900919677,0.2518191933631897,0.09013247489929199,0.1616867184638977,0.8831247695779753,0.9606701617809411,0.9214397363087844,0.9669531223005954,0.7653645304941208,0.9170566559392098,0.9707817951157623,0.993436646660105,0.9177920435669562,0.9959378733572277,0.769254300050983,0.9991270355181425
37,0.15657760068308563,0.11825311946915462,0.038324484080076215,0.8644024324361771,0.8897326592017235,0.9645288579698117,0.1504649817943573,0.08320555090904236,0.06725943088531494,0.957888589266858,0.9765115647394333,0.9805432337296006,0.9653445339337775,0.9281351500418763,0.9801860838249206,0.9943060180780205,0.9446862481460427,0.9905424279942366,0.970710750518875,0.9814729474790818,0.9894460031908453
38,0.11156644724309445,0.0684568351926282,0.0431096095405519,0.9267491001301721,0.945877767815356,0.978347834224623,0.13678550720214844,0.06532607972621918,0.07145942747592926,0.9534436772055609,0.98180226286651,0.9708594551995837,0.975317979366562,0.9083680593224119,0.9766449929277089,0.977739454487789,0.9865406207116415,0.9811267134000993,0.9974671513288604,0.9197666078663224,0.9953446064035685
39,0.04981102930381894,0.018932524957926945,0.030878504293505103,0.9779219107270992,0.9907892448642488,0.9866063055265851,0.1406445950269699,0.06328047811985016,0.07736411690711975,0.9427064156984586,0.9799295991206809,0.9620586639739414,0.9759190849647376,0.8859885003345803,0.9662116617960578,0.9792657786235327,0.9910524929653599,0.9694705257731502,0.9965103378719108,0.8931326317104396,0.9965330223394737
40,0.043300803496968,0.020223790906602517,0.02307701263111085,0.9769270490751581,0.9920628116105745,0.9844028042288184,0.12898743152618408,0.06166087090969086,0.06732656061649323,0.9492025173100681,0.9812460228817668,0.9666419327430639,0.9759830743415768,0.8994780986693747,0.9721463789192528,0.9944249524262603,0.9758881665580854,0.9734249496609547,0.981352699530516,0.9199223854074108,0.9986507132912649
41,0.08129578340332955,0.05502292535617016,0.02627285898197442,0.9413279967576509,0.954905255087516,0.9847309205445024,0.11898574233055115,0.06430001556873322,0.054685723036527634,0.9581318870552575,0.9833227213219001,0.9742589428745646,0.9751307023054052,0.9219858613899733,0.9772790974703942,0.976991159213447,0.989777247965845,0.983199756786408,0.9980509684408756,0.9308499543736144,0.9938759058092042
42,0.06874854686204344,0.03590403778711334,0.032844508551061156,0.9701667946987235,0.9840949627205795,0.9851906297254045,0.1262306123971939,0.045066606253385544,0.08116400241851807,0.9570686180709952,0.9850223706662176,0.9714169410825398,0.9821634118746614,0.9145422961790171,0.9745001461593068,0.9894544877894065,0.9888346755748992,0.9767779486343466,0.9925532655272861,0.9240848208502805,0.9976127368700525
43,0.041748904972337186,0.01690887287026271,0.024840032369829713,0.9771997797541515,0.989682056951505,0.987167509993086,0.10545505583286285,0.058696359395980835,0.04675869271159172,0.9727648293466663,0.9855650961430955,0.9867837568515466,0.9740008950112845,0.9557034609870976,0.9885901320416168,0.9923039565493177,0.9703020390058628,0.9940892928741059,0.9814145889595204,0.9845012481980234,0.9944354333970961
44,0.04231919239740819,0.017270667899865658,0.02504852490266785,0.9708262001614621,0.9913245032320064,0.9788087342790323,0.13454583287239075,0.0790138766169548,0.05553194880485535,0.9673871566221783,0.9819369082059827,0.9848377320903857,0.972508080763081,0.9412470104308324,0.9884063786726217,0.9736213526799868,0.9737535173197671,0.9984358546181941,0.9988256227758002,0.9657483400008242,0.9899392334945325
45,0.048425260083749894,0.024642769524361938,0.02378248979570344,0.9594614735602258,0.9786902000595193,0.9788470927241008,0.15169121325016022,0.061699703335762024,0.0899915099143982,0.9399463637360136,0.9801240502273045,0.9596137287911781,0.9726657110375163,0.881372321024222,0.9658010591463023,0.9751625436092606,0.9981425779354887,0.9670670291371642,0.9973745298989342,0.882820258192651,0.9986463982819492
46,0.03533495218027383,0.01742352911271155,0.017911423206096514,0.9764538865513056,0.9933524901684679,0.9827713237470846,0.09048813581466675,0.04830790311098099,0.04218023270368576,0.9761463735146944,0.9883705634863699,0.9874065842026022,0.9812480908132393,0.9565369880753245,0.9906540416555194,0.9869568664763713,0.9829089447347623,0.9952458792479763,0.9941397865564503,0.9727156751121409,0.9953642909392155
47,0.08137132528237999,0.04196599093440454,0.039405335304327306,0.9136725652744269,0.9732898345712888,0.9329800564617389,0.2804611325263977,0.10319609940052032,0.1772650182247162,0.85762852864903,0.9518472240753034,0.905438414057833,0.9655208220017995,0.7180415146258297,0.8893232493194609,0.967654812876625,0.9983089142397732,0.8895779451095119,0.9977211296248035,0.7189159512876818,0.9996781612610134
48,0.02820291220443323,0.0154020158178173,0.012800896394765005,0.9814650108148674,0.9926280709056314,0.9885675006901131,0.10590810328722,0.04007870703935623,0.06582939624786377,0.9626430614056022,0.9873481916696673,0.9749326128292516,0.9820626036790363,0.9269505931666165,0.9789159873711536,0.9886764589280046,0.9931732808449878,0.9801948352360095,0.9932342955004825,0.9328945569595526,0.9986689860277198
49,0.09311006856383756,0.058604176038643346,0.03450589115964249,0.9455271037398193,0.9596136013313131,0.9847493404554427,0.10776650905609131,0.0645473375916481,0.04321917146444321,0.973855902335499,0.9868122185157583,0.9866953928975616,0.9787025534168465,0.9543729555819743,0.988492198007676,0.9799199175388514,0.9847663667992731,0.9957503712091502,0.9987322656080323,0.9686739431290601,0.992679969955592
50,0.044559024607297035,0.017820370794506744,0.02673865406308323,0.9698014611087086,0.9872087705426772,0.9814977151655743,0.09692654013633728,0.05193463712930679,0.04499190300703049,0.9763687197128711,0.988112979044224,0.9879449438066419,0.9814408321468118,0.958684375611302,0.9889809513804995,0.9837753726609574,0.9850158712556999,0.9955476932160149,0.9975879154564363,0.9728723295022823,0.9933745864612068
51,0.09955446602310986,0.07040857133688405,0.029145895310211927,0.9625551633416812,0.9758772054964041,0.9855798076170729,0.16705740988254547,0.07591600716114044,0.09114140272140503,0.9454238179616326,0.9785866185325313,0.9650829778320839,0.9704935155365998,0.8929163386897557,0.9728615996585421,0.99458848715509,0.9670238276755881,0.9741475407669157,0.9756453259442901,0.9209586608846024,0.998644946667359
52,0.030139130896423012,0.016113597091753036,0.014025533881504088,0.9745889062855416,0.990436180026285,0.9834840076994146,0.14821912348270416,0.05523454770445824,0.09298457950353622,0.9346825058787896,0.9793707133115986,0.9550544999336809,0.9799580459713244,0.8656961530363637,0.9583933186286808,0.9815800428163649,0.997387133886863,0.9591449632315682,0.9983166086215842,0.8676639052683617,0.9991829859110967
53,0.12174801924033091,0.09520949928206392,0.02653852025279775,0.9436614875208305,0.9613645226051409,0.9812066484271549,0.4654054343700409,0.14036110043525696,0.32504433393478394,0.6971291112134534,0.8773766209158476,0.8192454243110285,0.9583446615139624,0.4785001012189414,0.6545425709074567,0.9782151918807481,0.9993000013861353,0.6546146694806595,0.9792439726163306,0.47866054059078544,0.9998317597259698
54,0.03090439790394157,0.012757503817556425,0.01814689389197156,0.9815402006094917,0.9949285816381014,0.986379727403766,0.1042688637971878,0.05008162558078766,0.054187238216400146,0.964091357008099,0.9864762108363042,0.9772808632195565,0.9796356477565573,0.9316179864393112,0.9810204368284288,0.9814561528702819,0.9932217956004041,0.9847506840382266,0.9981101171727349,0.9375789177554313,0.9961535547305035
55,0.1572791662067175,0.1231196087540593,0.0341595562454313,0.9126319295531866,0.934757851817098,0.9746851679389614,0.11471227556467056,0.05097611993551254,0.06373615562915802,0.9469310406391928,0.9829426679507222,0.9637308361875964,0.9822545836138277,0.8918449720064229,0.9666935662973279,0.9833838804313348,0.9969297090500805,0.9685144143707507,0.9988322402363703,0.894301310586655,0.9980589577397638
56,0.021629247250966727,0.009339342818129807,0.012289904369972647,0.987507560413626,0.9956378286329185,0.9917580049965179,0.09627049416303635,0.05727211385965347,0.038998380303382874,0.97128041543754,0.987035406582415,0.9839351849906972,0.9781738760066162,0.9496692264219934,0.98599814388401,0.978765263241357,0.9899435842701295,0.9923973722357583,0.9993826816914517,0.9589202035527741,0.9935026697278662
57,0.0894241517642513,0.06141217798460275,0.028011973744723945,0.9536570359453361,0.9705460731049605,0.9811933622523217,0.09157079458236694,0.04550565406680107,0.04606514424085617,0.9692134348552802,0.9884864940580936,0.980501705657414,0.9820445817001223,0.9411093552257983,0.98448636763992,0.9833293688550583,0.9947049609802747,0.9874251523389479,0.9986713103698182,0.9458478044536995,0.9969860021487245
58,0.14284732383675874,0.11070811923593282,0.032139207050204274,0.8954240567097042,0.9106602240301616,0.9823193229142881,0.08139273524284363,0.048910290002822876,0.03248244524002075,0.9794432030345605,0.9889036696665392,0.9902776033499953,0.9827618558533643,0.9639562471532771,0.99161150609704,0.9862878607675226,0.982749539109823,0.9976736091222719,0.9963754511912446,0.9805476799668067,0.9939096788919344
59,0.06325659525813535,0.042885551888030025,0.020371043481864037,0.9596052667624241,0.9685067475236314,0.990400867950255,0.07166333496570587,0.03913422301411629,0.03252911567687988,0.9786322083127891,0.9903795318450616,0.9879842863212999,0.984675331080914,0.9607746649769455,0.9904466288805079,0.98932564224548,0.9878227963905016,0.9939901568992027,0.9952490390894901,0.9722902497424802,0.9964135701319291
60,0.03403585092863068,0.011006843014620245,0.023029008076991885,0.9871902272090664,0.9950719404887378,0.9919586560570742,0.11320662498474121,0.05760366469621658,0.05560296028852463,0.9556283641613043,0.9842243624078297,0.9711510900177077,0.9758131198352218,0.9139790416115571,0.9770929310371339,0.9766690453536311,0.9961881263601452,0.9798159155097129,0.9991027116358525,0.9171867223094294,0.9971638361078412
61,0.028599037018138915,0.011593682047678158,0.017005355330184102,0.9864949571607231,0.9951778537991247,0.9911731771799323,0.10686174035072327,0.051692187786102295,0.05516955256462097,0.9574078569432375,0.9851215543595172,0.9720395802291611,0.9788345380730761,0.9166889883799533,0.9767000443766831,0.9797464716143351,0.9961811956808,0.9794369957834163,0.9990499916621605,0.9199216624959194,0.9971470865294035
62,0.024910117466934025,0.009471882845973596,0.015438234498724342,0.9904736673628567,0.996611204819876,0.9938107551260926,0.10907849669456482,0.04542563855648041,0.06365285813808441,0.9586497181123517,0.9860969433358662,0.9723579260536995,0.981616227614267,0.9180913726316053,0.9762415540911826,0.9827545195052327,0.9970752533163295,0.9784610571860362,0.9988214318092529,0.920570525413208,0.9976818209386377
63,0.022424471874255687,0.008424748029792681,0.013999723823508248,0.992099364445371,0.9971470284836742,0.994910826692525,0.0844794437289238,0.04180719703435898,0.04267224669456482,0.9705336091665123,0.9889079213917489,0.9813952920969963,0.9829931467874016,0.9435415447149119,0.9850661359972234,0.9844691563590228,0.9942544668228374,0.9880001409933863,0.9984770884746252,0.9487143877470037,0.9969944000693597
64,0.0271009473525919,0.012953243795782327,0.014147703750059009,0.9874441910128114,0.9935959102546645,0.9937032798203487,0.10019376873970032,0.049960408359766006,0.05023335665464401,0.9613024214698438,0.9863851409301811,0.9746978435984005,0.9800596033702632,0.9246910641801697,0.9791565968590986,0.9810795274341892,0.9962574331535972,0.981818462202757,0.9989403786380329,0.9279143777475094,0.9972387744096591
65,0.05205694924341515,0.026135321140754966,0.025921627639327198,0.9632359432745417,0.9804958818047188,0.9820704831896402,0.0976283848285675,0.04484157636761665,0.05278680473566055,0.9659281781678981,0.9875472845766033,0.9781439369609304,0.9811175070159718,0.9344444733690837,0.982222554118639,0.9823184268950201,0.9951277324203313,0.9851956944144586,0.9987554856880849,0.9387393513039948,0.9969369738907117
66,0.03880237928358838,0.01638839747174643,0.02241398227168247,0.9846132311399581,0.99519233248571,0.9892761856293945,0.08193589746952057,0.04184293374419212,0.04009296000003815,0.9723671102770958,0.9892510427340154,0.9828975831544792,0.9827180900817076,0.947798675636738,0.9865845651128418,0.9840281081509669,0.9939911010077201,0.9897339190433596,0.9986471398827181,0.9532605300064467,0.9967850795742724
67,0.02511657721363008,0.0088663746509701,0.0162502026068978,0.9873109885426783,0.9975314653678901,0.9896940133193465,0.08881919085979462,0.04342729598283768,0.04539189860224724,0.9698237585527338,0.9885334164316335,0.9810253725549227,0.9828650879258983,0.9418583256669728,0.9847478620653303,0.9843749999999996,0.9933881319046887,0.9878371173902122,0.9984418117205913,0.9477999814846648,0.9968343244595118
68,0.03497604773845524,0.01148359595099464,0.023492451768834143,0.9832027625982239,0.9935648721762936,0.9893602927791193,0.09339501708745956,0.04638184234499931,0.04701317474246025,0.9652254286234355,0.9875656910507677,0.9774170252193253,0.981383728696168,0.9320368182585322,0.9822557389156062,0.9830518553758321,0.9951346630996765,0.9845105546767945,0.9982739098709202,0.9363034065418118,0.997673759245244
69,0.0271785221202299,0.009658607473829761,0.017519915007287636,0.9902217352378125,0.9950757430830341,0.9950359123362539,0.08734983205795288,0.041793130338191986,0.04555670544505119,0.9697660845166548,0.9891371177158502,0.9803951993599287,0.982965268514401,0.9410885147852542,0.9852444702503093,0.9859756581033932,0.9945524860346805,0.9868832090094771,0.9969034973444229,0.945964653223201,0.998317447512162
70,0.025794636816717686,0.012478868644684553,0.0133157681429293,0.9877234928374029,0.9954334121228569,0.9921897507050819,0.08763785660266876,0.035505395382642746,0.052132464945316315,0.9655201845932296,0.9884601672626169,0.9767852608291482,0.9858615189360825,0.930529524303641,0.9801695105399654,0.9893058198541068,0.9944346644858123,0.9816400174479313,0.9964809647647234,0.9354008031709602,0.9984740145517611
71,0.03638255940983072,0.011382757079554722,0.02499980208929628,0.9878214480410962,0.9958086834233141,0.9918949748845322,0.07365177571773529,0.03926720842719078,0.03438456356525421,0.9748977302283355,0.9900976881578648,0.984564462220499,0.9843742276093207,0.9521979629284892,0.9881210001471965,0.9868230653346015,0.9926257571767179,0.9908442419622752,0.9974854108748462,0.9589817071537611,0.9972262686328894
72,0.03391309678554535,0.015618034191429615,0.01829506250913255,0.9800363591980066,0.990864531956941,0.9887330821051165,0.08691027760505676,0.041229866445064545,0.045680414885282516,0.9673513365172915,0.9883253914990023,0.978741367129408,0.9832905138339917,0.9359407840628707,0.9828227116550119,0.9862531715826193,0.9937762499480193,0.9849467529663685,0.9969543045495072,0.9414591868893786,0.997810609949338
73,0.029768325123004615,0.011882491547148676,0.017885833538603037,0.9878139226013899,0.9958715887349127,0.9918344351420538,0.09804368019104004,0.04039674997329712,0.05764692649245262,0.9633478141260409,0.9877575506654045,0.9753728169608236,0.9843270110536854,0.9263628101251131,0.9793536211993241,0.9862928163653659,0.9960425820938963,0.980937253536951,0.9979792307036585,0.9297849490192014,0.9983542711596107
74,0.02633682155748829,0.011508915951708332,0.014827905909623951,0.9847810118303787,0.995470572757091,0.9891321350682984,0.0767572671175003,0.03961436450481415,0.03714289888739586,0.9741540158390748,0.98991804021122,0.9839770106432328,0.9839236236300503,0.9505906413721201,0.987947782515054,0.9872343799555974,0.9921821936986257,0.9903375469794368,0.9966032166887612,0.9577643823885564,0.997563432852381
75,0.0599137659673579,0.04065817537601106,0.019255589300300927,0.9646594136402591,0.9743291882790128,0.9893988382857688,0.07337108254432678,0.038823992013931274,0.03454708680510521,0.9766663527372433,0.9905557498932458,0.9858996298280424,0.9840632922026256,0.9568571657582553,0.9890786002508493,0.9868478433238181,0.9928406082364187,0.9919787981195004,0.9971408399220862,0.9635052697421957,0.9970527798198451
76,0.0392770496988669,0.013369700232869946,0.025907349985791372,0.986881098518495,0.9939168610572316,0.9928294556728993,0.08016801625490189,0.039090193808078766,0.04107782244682312,0.9695993203844385,0.9889430364375951,0.9803749460371445,0.9838751895220829,0.9408127092496548,0.984110062381578,0.9872442911512841,0.9932633796764753,0.9863214384850258,0.9965434272594026,0.9468544774640252,0.9977269333880056
77,0.030646300113294275,0.017056799398269505,0.013589500518282876,0.9742031819440801,0.9832082001335852,0.9908554579680464,0.08723574131727219,0.037280015647411346,0.04995572566986084,0.9659718768709628,0.9885398039807929,0.9771597551148079,0.9854730396997823,0.9317060183381382,0.980736572574968,0.9890283063748806,0.9944069417684316,0.9821841637990666,0.9963655606921406,0.9366142477593034,0.9984994568929797
78,0.026672053916845472,0.0092642028152477,0.01740785108995624,0.9882315597603247,0.9972152190227769,0.990929208933685,0.08723209798336029,0.039993252605199814,0.047238849103450775,0.966785791763452,0.9883210793730822,0.9781648239301907,0.9839086362087774,0.934549768903317,0.9818989701782618,0.9875118934348236,0.9935752602470088,0.9838760844374141,0.9963052032138228,0.9402316490896684,0.9979576194870807
79,0.07130766450427473,0.047545516890240835,0.023762146813096477,0.9584665449984109,0.9645413152900506,0.9935197492211757,0.08006712794303894,0.038075000047683716,0.041992127895355225,0.9707886291519067,0.9892199077265218,0.9812642782836106,0.9851436019729529,0.9429802314781263,0.9842420540046408,0.9887904376784011,0.9921336789432094,0.9867356065579547,0.9962701658203384,0.9500836253583939,0.9974390436720993
80,0.021448261049808934,0.00939790807897225,0.012050352907972411,0.9875961241436378,0.9958524848756879,0.991612837067802,0.08142441511154175,0.04029266908764839,0.041131749749183655,0.9726318980939642,0.989648496879112,0.9827606483121637,0.983507111816442,0.9478059740946333,0.9865826083708172,0.9858319457659368,0.9940118930457558,0.9891016518256438,0.9976079434331273,0.9532487903440203,0.9974252111593434
81,0.06519152267836034,0.04112378202727996,0.024067740014288574,0.9722742508405239,0.9780910888469639,0.9938938228823121,0.08201564848423004,0.043291933834552765,0.03872371464967728,0.972479505322761,0.9894018293843421,0.9828384101168478,0.9829621022966053,0.9476147662365131,0.9868616474351648,0.9852174516333646,0.9934435773394502,0.9895444591802113,0.9976765426151186,0.9535784137628223,0.9972602739726025
82,0.06593301387270913,0.04077860557823442,0.025154408345697446,0.9616399079361672,0.9679222393283465,0.9934185827786196,0.07635734975337982,0.04300973191857338,0.03334762156009674,0.9757679061958952,0.9900725620497024,0.9854685045162416,0.9830194367157729,0.9554837934853675,0.9888004883865454,0.9857328338090703,0.9925148663071949,0.9919699860328424,0.9972076001403716,0.9624188497157214,0.9967790636926317
83,0.07418997084256261,0.05287322462885641,0.021316745430231095,0.9427897131091112,0.9522977029483739,0.9895632574185074,0.09169052541255951,0.03902401402592659,0.05266651138663292,0.9704185219752578,0.989348603475416,0.9808357547751564,0.9842964793082145,0.9427448816000416,0.9842142050175176,0.9871402235965743,0.9944277338064671,0.9864778530232063,0.9970817899689655,0.9477515324455712,0.9976739419109322
84,0.020402680712286382,0.009521898308303207,0.010880782578606158,0.9930953441889745,0.9970585184690636,0.9960052276777538,0.08235824853181839,0.042083967477083206,0.040274281054735184,0.9720848258836869,0.9894438358773029,0.9823989633437221,0.9832824344491551,0.9469352708058119,0.986036772396094,0.9860599032667297,0.9936237750024252,0.9886478293627537,0.9971435587249242,0.9527246145667193,0.997328716739523
85,0.08967236028518527,0.061360384344588965,0.028311978590209036,0.9413349767272772,0.9544469345148708,0.9844443134605815,0.07884524017572403,0.042204804718494415,0.036640435457229614,0.9734946552829148,0.9897052286867333,0.9835434673130862,0.9828516111187937,0.9502380983963172,0.9873942563336334,0.9861441484300661,0.9929930831820128,0.9899784544481208,0.996614447694218,0.9566526671429615,0.9973632871020791
86,0.07027265625540167,0.05147825760883279,0.018794399129692465,0.9441116053942369,0.9524191543725801,0.990570089825944,0.07895943522453308,0.040639039129018784,0.038320392370224,0.9743034060225829,0.9900156468196474,0.9840627050741761,0.9832435076001952,0.9520520194740927,0.987614690993461,0.9863473279416425,0.9934435773394502,0.9902560351778497,0.9968097999739571,0.9580718253092975,0.9973064899392737
87,0.10104116435861216,0.07001297484908718,0.031028187774354593,0.9438592912954901,0.9534047327271441,0.9897277315672817,0.09063572436571121,0.042559947818517685,0.04807577654719353,0.9690342055919178,0.9887703531171931,0.9800269114964029,0.9830950120643958,0.9399069950222683,0.9841006096890891,0.9853165635902311,0.9945871394314064,0.9864073563299419,0.997711819755626,0.9447395967057052,0.9976293180278776
88,0.017067936442326754,0.007631701714126393,0.00943623466300778,0.9870954514392686,0.9960874320276866,0.9908356592685665,0.08721952885389328,0.050613414496183395,0.036606114357709885,0.9711652488395549,0.9886684099500139,0.9822237289233423,0.9811583744402372,0.9458791988853592,0.9864581731930685,0.9837159054868375,0.9927713014429669,0.9895180229202372,0.9973572088910322,0.9524388946514529,0.9968750832275416
89,0.07494702208787203,0.05412360370741226,0.02082341946894303,0.9297201534875065,0.9427818257389582,0.9861326041398725,0.08705902844667435,0.048262663185596466,0.03879636526107788,0.9706743169584767,0.9889064504668053,0.9815370946459935,0.981454930190246,0.944414090014416,0.9861539306707683,0.9837505946717408,0.9943099122575989,0.9886588444710763,0.9976279619066759,0.9495459599703479,0.9974373620609563
90,0.020886301689315587,0.009668952114880084,0.011217349581420422,0.9830454429558803,0.9951524379433194,0.987640411823492,0.08850355446338654,0.05209622159600258,0.036407336592674255,0.9708208157858089,0.9885510662195572,0.9820000458117383,0.9809354296450109,0.9450582795174042,0.9864687381950116,0.9832104345068184,0.9929445684265966,0.9894981957252565,0.997646727543344,0.951447412985874,0.9969059969059967
91,0.032114171592984346,0.01693171280086972,0.015182458794442936,0.9838447335094932,0.9882618805281198,0.995420528096408,0.08696744590997696,0.03878423571586609,0.04818321019411087,0.9713043288140063,0.9894000966610204,0.9816619854475621,0.9840022536213615,0.9446896533551161,0.9852210794655413,0.9866793529971452,0.993873279458852,0.9876476575270638,0.9972502291475706,0.9502233059888407,0.9975124212062753
92,0.059143756355624647,0.04213206527521834,0.01701169157051481,0.9496096554538122,0.958295922582162,0.9905768877860363,0.07959702610969543,0.04576216638088226,0.03383485600352287,0.9747322107015117,0.9896665815662745,0.9848211191488078,0.9825951557093421,0.9530599881501596,0.9885414882450336,0.9850687836980649,0.9922099164160065,0.9917210445847522,0.997450912503073,0.9602452226522408,0.9967672222911091
93,0.06972025915049017,0.04294424732448533,0.02677601116709411,0.9534951325052666,0.9612940095544354,0.9917710969208736,0.0765654444694519,0.040030404925346375,0.03653503954410553,0.97484105365053,0.990043655680631,0.9845607829005099,0.9843979414774493,0.9522853305318025,0.9878398889423381,0.986783420551855,0.9925980344593371,0.990749512030701,0.9975502720250078,0.9590962056172395,0.9970358710592824
94,0.01921852510655299,0.006464436267851852,0.012754088974324986,0.99334465279187,0.997796826315685,0.9955135770910711,0.08269721269607544,0.039126187562942505,0.043571021407842636,0.9731798834390303,0.9898655688936969,0.9830853312350453,0.9845703578826631,0.9484892790748441,0.9864800133595835,0.9869172216936247,0.9936307056817704,0.9890487793056955,0.997590578711936,0.9542913055633206,0.9973741094298794
95,0.028375958341639487,0.008432428386877291,0.01994352967245504,0.9906888980802165,0.9966310105236004,0.9940046906085124,0.07946551591157913,0.040638938546180725,0.03882657736539841,0.9735030240917336,0.9896536831350683,0.9836055852039421,0.9835340293431403,0.9497686320785983,0.9872064108534622,0.9859905248969232,0.992923776388561,0.9900467481197207,0.9974732915891688,0.9562411143965126,0.9971023496261452
96,0.027447118607815357,0.008791989897144959,0.018655128453392535,0.9891591326740391,0.9963869444330676,0.9926759567595186,0.08140844106674194,0.0452999621629715,0.03610847890377045,0.9723024830070588,0.9891666540968197,0.9828611205728247,0.983698876671149,0.9471675145709423,0.9860410577790852,0.9859607913098632,0.9922722925301132,0.9892668784504824,0.9976732874342473,0.9542061556097621,0.9967039186744645
97,0.05184917349833995,0.02778114960761741,0.024068023504223674,0.9739565655878697,0.9806685269537326,0.99276954694313,0.08183127641677856,0.04426050931215286,0.037570770829916,0.9723037001887395,0.9892370436657117,0.9828037429451132,0.9830394526750798,0.9471641218597695,0.9867075260313692,0.9854800983190608,0.9927019946495149,0.9895290380285597,0.9974869960825224,0.9538056868881928,0.9971185458646247
98,0.08770319874631241,0.06972030485107097,0.017982892161235213,0.9295914374954952,0.9386234226148398,0.9898704946001233,0.08263824880123138,0.0417618528008461,0.040876396000385284,0.9718323174456668,0.9893424145747113,0.982237011006848,0.9839418584530192,0.945717302362412,0.9858377915215694,0.986248215984776,0.9932633796764753,0.9885156480628828,0.9976289538322719,0.9518224323893517,0.9972596467989205
99,0.08398341837804764,0.05849027596064843,0.025493143300991505,0.9455204245633863,0.9573460573714981,0.9880039191207223,0.08111394196748734,0.03829915076494217,0.042814791202545166,0.9710953041345215,0.9892806145197129,0.9815497102546679,0.9849945614555519,0.9435328820880187,0.9847584688599939,0.9872789803361873,0.9931663501656426,0.9873965130573091,0.9976564025779567,0.9496984558287489,0.9972942723572982
100,0.10791740708053112,0.0743902190681547,0.03352718744776212,0.895258652380266,0.9137776490612556,0.9782844254056765,0.09771192073822021,0.04218519851565361,0.0555267259478569,0.9659011758939143,0.9881427085178641,0.9774917655447372,0.984273418071973,0.9321674960048846,0.9812626136048855,0.986600063431652,0.9945247633172998,0.9833032988046402,0.9976098013178659,0.9369759970747246,0.9978894982416209
